{
    "providers": [
        {
    "type": "bitmap",
    "file": "minecraft:00001.png",
    "ascent": 30,
    "height": 64,
    "chars": [
      "\uE000"
    ]
  },
  {
    "type": "bitmap",
    "file": "minecraft:00002.png",
    "ascent": 30,
    "height": 64,
    "chars": [
      "\uE001"
    ]
  },
  {
    "type": "bitmap",
    "file": "minecraft:00003.png",
    "ascent": 30,
    "height": 64,
    "chars": [
      "\uE002"
    ]
  },
  {
    "type": "bitmap",
    "file": "minecraft:00004.png",
    "ascent": 30,
    "height": 64,
    "chars": [
      "\uE003"
    ]
  },
  {
    "type": "bitmap",
    "file": "minecraft:00005.png",
    "ascent": 30,
    "height": 64,
    "chars": [
      "\uE004"
    ]
  },
  {
    "type": "bitmap",
    "file": "minecraft:00006.png",
    "ascent": 30,
    "height": 64,
    "chars": [
      "\uE005"
    ]
  },
  {
    "type": "bitmap",
    "file": "minecraft:00007.png",
    "ascent": 30,
    "height": 64,
    "chars": [
      "\uE006"
    ]
  },
  {
    "type": "bitmap",
    "file": "minecraft:00008.png",
    "ascent": 30,
    "height": 64,
    "chars": [
      "\uE007"
    ]
  },
  {
    "type": "bitmap",
    "file": "minecraft:00009.png",
    "ascent": 30,
    "height": 64,
    "chars": [
      "\uE008"
    ]
  },
  {
    "type": "bitmap",
    "file": "minecraft:00010.png",
    "ascent": 30,
    "height": 64,
    "chars": [
      "\uE009"
    ]
  },
  {
    "type": "bitmap",
    "file": "minecraft:00011.png",
    "ascent": 30,
    "height": 64,
    "chars": [
      "\uE00A"
    ]
  },
  {
    "type": "bitmap",
    "file": "minecraft:00012.png",
    "ascent": 30,
    "height": 64,
    "chars": [
      "\uE00B"
    ]
  },
  {
    "type": "bitmap",
    "file": "minecraft:00013.png",
    "ascent": 30,
    "height": 64,
    "chars": [
      "\uE00C"
    ]
  },
  {
    "type": "bitmap",
    "file": "minecraft:00014.png",
    "ascent": 30,
    "height": 64,
    "chars": [
      "\uE00D"
    ]
  },
  {
    "type": "bitmap",
    "file": "minecraft:00015.png",
    "ascent": 30,
    "height": 64,
    "chars": [
      "\uE00E"
    ]
  },
  {
    "type": "bitmap",
    "file": "minecraft:00016.png",
    "ascent": 30,
    "height": 64,
    "chars": [
      "\uE00F"
    ]
  },
  {
    "type": "bitmap",
    "file": "minecraft:00017.png",
    "ascent": 30,
    "height": 64,
    "chars": [
      "\uE010"
    ]
  },
  {
    "type": "bitmap",
    "file": "minecraft:00018.png",
    "ascent": 30,
    "height": 64,
    "chars": [
      "\uE011"
    ]
  },
  {
    "type": "bitmap",
    "file": "minecraft:00019.png",
    "ascent": 30,
    "height": 64,
    "chars": [
      "\uE012"
    ]
  },
  {
    "type": "bitmap",
    "file": "minecraft:00020.png",
    "ascent": 30,
    "height": 64,
    "chars": [
      "\uE013"
    ]
  },
  {
    "type": "bitmap",
    "file": "minecraft:00021.png",
    "ascent": 30,
    "height": 64,
    "chars": [
      "\uE014"
    ]
  },
  {
    "type": "bitmap",
    "file": "minecraft:00022.png",
    "ascent": 30,
    "height": 64,
    "chars": [
      "\uE015"
    ]
  },
  {
    "type": "bitmap",
    "file": "minecraft:00023.png",
    "ascent": 30,
    "height": 64,
    "chars": [
      "\uE016"
    ]
  },
  {
    "type": "bitmap",
    "file": "minecraft:00024.png",
    "ascent": 30,
    "height": 64,
    "chars": [
      "\uE017"
    ]
  },
  {
    "type": "bitmap",
    "file": "minecraft:00025.png",
    "ascent": 30,
    "height": 64,
    "chars": [
      "\uE018"
    ]
  },
  {
    "type": "bitmap",
    "file": "minecraft:00026.png",
    "ascent": 30,
    "height": 64,
    "chars": [
      "\uE019"
    ]
  },
  {
    "type": "bitmap",
    "file": "minecraft:00027.png",
    "ascent": 30,
    "height": 64,
    "chars": [
      "\uE01A"
    ]
  },
  {
    "type": "bitmap",
    "file": "minecraft:00028.png",
    "ascent": 30,
    "height": 64,
    "chars": [
      "\uE01B"
    ]
  },
  {
    "type": "bitmap",
    "file": "minecraft:00029.png",
    "ascent": 30,
    "height": 64,
    "chars": [
      "\uE01C"
    ]
  },
  {
    "type": "bitmap",
    "file": "minecraft:00030.png",
    "ascent": 30,
    "height": 64,
    "chars": [
      "\uE01D"
    ]
  },
  {
    "type": "bitmap",
    "file": "minecraft:00031.png",
    "ascent": 30,
    "height": 64,
    "chars": [
      "\uE01E"
    ]
  },
  {
    "type": "bitmap",
    "file": "minecraft:00032.png",
    "ascent": 30,
    "height": 64,
    "chars": [
      "\uE01F"
    ]
  },
  {
    "type": "bitmap",
    "file": "minecraft:00033.png",
    "ascent": 30,
    "height": 64,
    "chars": [
      "\uE020"
    ]
  },
  {
    "type": "bitmap",
    "file": "minecraft:00034.png",
    "ascent": 30,
    "height": 64,
    "chars": [
      "\uE021"
    ]
  },
  {
    "type": "bitmap",
    "file": "minecraft:00035.png",
    "ascent": 30,
    "height": 64,
    "chars": [
      "\uE022"
    ]
  },
  {
    "type": "bitmap",
    "file": "minecraft:00036.png",
    "ascent": 30,
    "height": 64,
    "chars": [
      "\uE023"
    ]
  },
  {
    "type": "bitmap",
    "file": "minecraft:00037.png",
    "ascent": 30,
    "height": 64,
    "chars": [
      "\uE024"
    ]
  },
  {
    "type": "bitmap",
    "file": "minecraft:00038.png",
    "ascent": 30,
    "height": 64,
    "chars": [
      "\uE025"
    ]
  },
  {
    "type": "bitmap",
    "file": "minecraft:00039.png",
    "ascent": 30,
    "height": 64,
    "chars": [
      "\uE026"
    ]
  },
  {
    "type": "bitmap",
    "file": "minecraft:00040.png",
    "ascent": 30,
    "height": 64,
    "chars": [
      "\uE027"
    ]
  },
  {
    "type": "bitmap",
    "file": "minecraft:00041.png",
    "ascent": 30,
    "height": 64,
    "chars": [
      "\uE028"
    ]
  },
  {
    "type": "bitmap",
    "file": "minecraft:00042.png",
    "ascent": 30,
    "height": 64,
    "chars": [
      "\uE029"
    ]
  },
  {
    "type": "bitmap",
    "file": "minecraft:00043.png",
    "ascent": 30,
    "height": 64,
    "chars": [
      "\uE02A"
    ]
  },
  {
    "type": "bitmap",
    "file": "minecraft:00044.png",
    "ascent": 30,
    "height": 64,
    "chars": [
      "\uE02B"
    ]
  },
  {
    "type": "bitmap",
    "file": "minecraft:00045.png",
    "ascent": 30,
    "height": 64,
    "chars": [
      "\uE02C"
    ]
  },
  {
    "type": "bitmap",
    "file": "minecraft:00046.png",
    "ascent": 30,
    "height": 64,
    "chars": [
      "\uE02D"
    ]
  },
  {
    "type": "bitmap",
    "file": "minecraft:00047.png",
    "ascent": 30,
    "height": 64,
    "chars": [
      "\uE02E"
    ]
  },
  {
    "type": "bitmap",
    "file": "minecraft:00048.png",
    "ascent": 30,
    "height": 64,
    "chars": [
      "\uE02F"
    ]
  },
  {
    "type": "bitmap",
    "file": "minecraft:00049.png",
    "ascent": 30,
    "height": 64,
    "chars": [
      "\uE030"
    ]
  },
  {
    "type": "bitmap",
    "file": "minecraft:00050.png",
    "ascent": 30,
    "height": 64,
    "chars": [
      "\uE031"
    ]
  },
  {
    "type": "bitmap",
    "file": "minecraft:00051.png",
    "ascent": 30,
    "height": 64,
    "chars": [
      "\uE032"
    ]
  },
  {
    "type": "bitmap",
    "file": "minecraft:00052.png",
    "ascent": 30,
    "height": 64,
    "chars": [
      "\uE033"
    ]
  },
  {
    "type": "bitmap",
    "file": "minecraft:00053.png",
    "ascent": 30,
    "height": 64,
    "chars": [
      "\uE034"
    ]
  },
  {
    "type": "bitmap",
    "file": "minecraft:00054.png",
    "ascent": 30,
    "height": 64,
    "chars": [
      "\uE035"
    ]
  },
  {
    "type": "bitmap",
    "file": "minecraft:00055.png",
    "ascent": 30,
    "height": 64,
    "chars": [
      "\uE036"
    ]
  },
  {
    "type": "bitmap",
    "file": "minecraft:00056.png",
    "ascent": 30,
    "height": 64,
    "chars": [
      "\uE037"
    ]
  },
  {
    "type": "bitmap",
    "file": "minecraft:00057.png",
    "ascent": 30,
    "height": 64,
    "chars": [
      "\uE038"
    ]
  },
  {
    "type": "bitmap",
    "file": "minecraft:00058.png",
    "ascent": 30,
    "height": 64,
    "chars": [
      "\uE039"
    ]
  },
  {
    "type": "bitmap",
    "file": "minecraft:00059.png",
    "ascent": 30,
    "height": 64,
    "chars": [
      "\uE03A"
    ]
  },
  {
    "type": "bitmap",
    "file": "minecraft:00060.png",
    "ascent": 30,
    "height": 64,
    "chars": [
      "\uE03B"
    ]
  },
  {
    "type": "bitmap",
    "file": "minecraft:00061.png",
    "ascent": 30,
    "height": 64,
    "chars": [
      "\uE03C"
    ]
  },
  {
    "type": "bitmap",
    "file": "minecraft:00062.png",
    "ascent": 30,
    "height": 64,
    "chars": [
      "\uE03D"
    ]
  },
  {
    "type": "bitmap",
    "file": "minecraft:00063.png",
    "ascent": 30,
    "height": 64,
    "chars": [
      "\uE03E"
    ]
  },
  {
    "type": "bitmap",
    "file": "minecraft:00064.png",
    "ascent": 30,
    "height": 64,
    "chars": [
      "\uE03F"
    ]
  },
  {
    "type": "bitmap",
    "file": "minecraft:00065.png",
    "ascent": 30,
    "height": 64,
    "chars": [
      "\uE040"
    ]
  },
  {
    "type": "bitmap",
    "file": "minecraft:00066.png",
    "ascent": 30,
    "height": 64,
    "chars": [
      "\uE041"
    ]
  },
  {
    "type": "bitmap",
    "file": "minecraft:00067.png",
    "ascent": 30,
    "height": 64,
    "chars": [
      "\uE042"
    ]
  },
  {
    "type": "bitmap",
    "file": "minecraft:00068.png",
    "ascent": 30,
    "height": 64,
    "chars": [
      "\uE043"
    ]
  },
  {
    "type": "bitmap",
    "file": "minecraft:00069.png",
    "ascent": 30,
    "height": 64,
    "chars": [
      "\uE044"
    ]
  },
  {
    "type": "bitmap",
    "file": "minecraft:00070.png",
    "ascent": 30,
    "height": 64,
    "chars": [
      "\uE045"
    ]
  },
  {
    "type": "bitmap",
    "file": "minecraft:00071.png",
    "ascent": 30,
    "height": 64,
    "chars": [
      "\uE046"
    ]
  },
  {
    "type": "bitmap",
    "file": "minecraft:00072.png",
    "ascent": 30,
    "height": 64,
    "chars": [
      "\uE047"
    ]
  },
  {
    "type": "bitmap",
    "file": "minecraft:00073.png",
    "ascent": 30,
    "height": 64,
    "chars": [
      "\uE048"
    ]
  },
  {
    "type": "bitmap",
    "file": "minecraft:00074.png",
    "ascent": 30,
    "height": 64,
    "chars": [
      "\uE049"
    ]
  },
  {
    "type": "bitmap",
    "file": "minecraft:00075.png",
    "ascent": 30,
    "height": 64,
    "chars": [
      "\uE04A"
    ]
  },
  {
    "type": "bitmap",
    "file": "minecraft:00076.png",
    "ascent": 30,
    "height": 64,
    "chars": [
      "\uE04B"
    ]
  },
  {
    "type": "bitmap",
    "file": "minecraft:00077.png",
    "ascent": 30,
    "height": 64,
    "chars": [
      "\uE04C"
    ]
  },
  {
    "type": "bitmap",
    "file": "minecraft:00078.png",
    "ascent": 30,
    "height": 64,
    "chars": [
      "\uE04D"
    ]
  },
  {
    "type": "bitmap",
    "file": "minecraft:00079.png",
    "ascent": 30,
    "height": 64,
    "chars": [
      "\uE04E"
    ]
  },
  {
    "type": "bitmap",
    "file": "minecraft:00080.png",
    "ascent": 30,
    "height": 64,
    "chars": [
      "\uE04F"
    ]
  },
  {
    "type": "bitmap",
    "file": "minecraft:00081.png",
    "ascent": 30,
    "height": 64,
    "chars": [
      "\uE050"
    ]
  },
  {
    "type": "bitmap",
    "file": "minecraft:00082.png",
    "ascent": 30,
    "height": 64,
    "chars": [
      "\uE051"
    ]
  },
  {
    "type": "bitmap",
    "file": "minecraft:00083.png",
    "ascent": 30,
    "height": 64,
    "chars": [
      "\uE052"
    ]
  },
  {
    "type": "bitmap",
    "file": "minecraft:00084.png",
    "ascent": 30,
    "height": 64,
    "chars": [
      "\uE053"
    ]
  },
  {
    "type": "bitmap",
    "file": "minecraft:00085.png",
    "ascent": 30,
    "height": 64,
    "chars": [
      "\uE054"
    ]
  },
  {
    "type": "bitmap",
    "file": "minecraft:00086.png",
    "ascent": 30,
    "height": 64,
    "chars": [
      "\uE055"
    ]
  },
  {
    "type": "bitmap",
    "file": "minecraft:00087.png",
    "ascent": 30,
    "height": 64,
    "chars": [
      "\uE056"
    ]
  },
  {
    "type": "bitmap",
    "file": "minecraft:00088.png",
    "ascent": 30,
    "height": 64,
    "chars": [
      "\uE057"
    ]
  },
  {
    "type": "bitmap",
    "file": "minecraft:00089.png",
    "ascent": 30,
    "height": 64,
    "chars": [
      "\uE058"
    ]
  },
  {
    "type": "bitmap",
    "file": "minecraft:00090.png",
    "ascent": 30,
    "height": 64,
    "chars": [
      "\uE059"
    ]
  },
  {
    "type": "bitmap",
    "file": "minecraft:00091.png",
    "ascent": 30,
    "height": 64,
    "chars": [
      "\uE05A"
    ]
  },
  {
    "type": "bitmap",
    "file": "minecraft:00092.png",
    "ascent": 30,
    "height": 64,
    "chars": [
      "\uE05B"
    ]
  },
  {
    "type": "bitmap",
    "file": "minecraft:00093.png",
    "ascent": 30,
    "height": 64,
    "chars": [
      "\uE05C"
    ]
  },
  {
    "type": "bitmap",
    "file": "minecraft:00094.png",
    "ascent": 30,
    "height": 64,
    "chars": [
      "\uE05D"
    ]
  },
  {
    "type": "bitmap",
    "file": "minecraft:00095.png",
    "ascent": 30,
    "height": 64,
    "chars": [
      "\uE05E"
    ]
  },
  {
    "type": "bitmap",
    "file": "minecraft:00096.png",
    "ascent": 30,
    "height": 64,
    "chars": [
      "\uE05F"
    ]
  },
  {
    "type": "bitmap",
    "file": "minecraft:00097.png",
    "ascent": 30,
    "height": 64,
    "chars": [
      "\uE060"
    ]
  },
  {
    "type": "bitmap",
    "file": "minecraft:00098.png",
    "ascent": 30,
    "height": 64,
    "chars": [
      "\uE061"
    ]
  },
  {
    "type": "bitmap",
    "file": "minecraft:00099.png",
    "ascent": 30,
    "height": 64,
    "chars": [
      "\uE062"
    ]
  },
  {
    "type": "bitmap",
    "file": "minecraft:00100.png",
    "ascent": 30,
    "height": 64,
    "chars": [
      "\uE063"
    ]
  },
  {
    "type": "bitmap",
    "file": "minecraft:00101.png",
    "ascent": 30,
    "height": 64,
    "chars": [
      "\uE064"
    ]
  },
  {
    "type": "bitmap",
    "file": "minecraft:00102.png",
    "ascent": 30,
    "height": 64,
    "chars": [
      "\uE065"
    ]
  },
  {
    "type": "bitmap",
    "file": "minecraft:00103.png",
    "ascent": 30,
    "height": 64,
    "chars": [
      "\uE066"
    ]
  },
  {
    "type": "bitmap",
    "file": "minecraft:00104.png",
    "ascent": 30,
    "height": 64,
    "chars": [
      "\uE067"
    ]
  },
  {
    "type": "bitmap",
    "file": "minecraft:00105.png",
    "ascent": 30,
    "height": 64,
    "chars": [
      "\uE068"
    ]
  },
  {
    "type": "bitmap",
    "file": "minecraft:00106.png",
    "ascent": 30,
    "height": 64,
    "chars": [
      "\uE069"
    ]
  },
  {
    "type": "bitmap",
    "file": "minecraft:00107.png",
    "ascent": 30,
    "height": 64,
    "chars": [
      "\uE06A"
    ]
  },
  {
    "type": "bitmap",
    "file": "minecraft:00108.png",
    "ascent": 30,
    "height": 64,
    "chars": [
      "\uE06B"
    ]
  },
  {
    "type": "bitmap",
    "file": "minecraft:00109.png",
    "ascent": 30,
    "height": 64,
    "chars": [
      "\uE06C"
    ]
  },
  {
    "type": "bitmap",
    "file": "minecraft:00110.png",
    "ascent": 30,
    "height": 64,
    "chars": [
      "\uE06D"
    ]
  },
  {
    "type": "bitmap",
    "file": "minecraft:00111.png",
    "ascent": 30,
    "height": 64,
    "chars": [
      "\uE06E"
    ]
  },
  {
    "type": "bitmap",
    "file": "minecraft:00112.png",
    "ascent": 30,
    "height": 64,
    "chars": [
      "\uE06F"
    ]
  },
  {
    "type": "bitmap",
    "file": "minecraft:00113.png",
    "ascent": 30,
    "height": 64,
    "chars": [
      "\uE070"
    ]
  },
  {
    "type": "bitmap",
    "file": "minecraft:00114.png",
    "ascent": 30,
    "height": 64,
    "chars": [
      "\uE071"
    ]
  },
  {
    "type": "bitmap",
    "file": "minecraft:00115.png",
    "ascent": 30,
    "height": 64,
    "chars": [
      "\uE072"
    ]
  },
  {
    "type": "bitmap",
    "file": "minecraft:00116.png",
    "ascent": 30,
    "height": 64,
    "chars": [
      "\uE073"
    ]
  },
  {
    "type": "bitmap",
    "file": "minecraft:00117.png",
    "ascent": 30,
    "height": 64,
    "chars": [
      "\uE074"
    ]
  },
  {
    "type": "bitmap",
    "file": "minecraft:00118.png",
    "ascent": 30,
    "height": 64,
    "chars": [
      "\uE075"
    ]
  },
  {
    "type": "bitmap",
    "file": "minecraft:00119.png",
    "ascent": 30,
    "height": 64,
    "chars": [
      "\uE076"
    ]
  },
  {
    "type": "bitmap",
    "file": "minecraft:00120.png",
    "ascent": 30,
    "height": 64,
    "chars": [
      "\uE077"
    ]
  },
  {
    "type": "bitmap",
    "file": "minecraft:00121.png",
    "ascent": 30,
    "height": 64,
    "chars": [
      "\uE078"
    ]
  },
  {
    "type": "bitmap",
    "file": "minecraft:00122.png",
    "ascent": 30,
    "height": 64,
    "chars": [
      "\uE079"
    ]
  },
  {
    "type": "bitmap",
    "file": "minecraft:00123.png",
    "ascent": 30,
    "height": 64,
    "chars": [
      "\uE07A"
    ]
  },
  {
    "type": "bitmap",
    "file": "minecraft:00124.png",
    "ascent": 30,
    "height": 64,
    "chars": [
      "\uE07B"
    ]
  },
  {
    "type": "bitmap",
    "file": "minecraft:00125.png",
    "ascent": 30,
    "height": 64,
    "chars": [
      "\uE07C"
    ]
  },
  {
    "type": "bitmap",
    "file": "minecraft:00126.png",
    "ascent": 30,
    "height": 64,
    "chars": [
      "\uE07D"
    ]
  },
  {
    "type": "bitmap",
    "file": "minecraft:00127.png",
    "ascent": 30,
    "height": 64,
    "chars": [
      "\uE07E"
    ]
  },
  {
    "type": "bitmap",
    "file": "minecraft:00128.png",
    "ascent": 30,
    "height": 64,
    "chars": [
      "\uE07F"
    ]
  },
  {
    "type": "bitmap",
    "file": "minecraft:00129.png",
    "ascent": 30,
    "height": 64,
    "chars": [
      "\uE080"
    ]
  },
  {
    "type": "bitmap",
    "file": "minecraft:00130.png",
    "ascent": 30,
    "height": 64,
    "chars": [
      "\uE081"
    ]
  },
  {
    "type": "bitmap",
    "file": "minecraft:00131.png",
    "ascent": 30,
    "height": 64,
    "chars": [
      "\uE082"
    ]
  },
  {
    "type": "bitmap",
    "file": "minecraft:00132.png",
    "ascent": 30,
    "height": 64,
    "chars": [
      "\uE083"
    ]
  },
  {
    "type": "bitmap",
    "file": "minecraft:00133.png",
    "ascent": 30,
    "height": 64,
    "chars": [
      "\uE084"
    ]
  },
  {
    "type": "bitmap",
    "file": "minecraft:00134.png",
    "ascent": 30,
    "height": 64,
    "chars": [
      "\uE085"
    ]
  },
  {
    "type": "bitmap",
    "file": "minecraft:00135.png",
    "ascent": 30,
    "height": 64,
    "chars": [
      "\uE086"
    ]
  },
  {
    "type": "bitmap",
    "file": "minecraft:00136.png",
    "ascent": 30,
    "height": 64,
    "chars": [
      "\uE087"
    ]
  },
  {
    "type": "bitmap",
    "file": "minecraft:00137.png",
    "ascent": 30,
    "height": 64,
    "chars": [
      "\uE088"
    ]
  },
  {
    "type": "bitmap",
    "file": "minecraft:00138.png",
    "ascent": 30,
    "height": 64,
    "chars": [
      "\uE089"
    ]
  },
  {
    "type": "bitmap",
    "file": "minecraft:00139.png",
    "ascent": 30,
    "height": 64,
    "chars": [
      "\uE08A"
    ]
  }
		
    ]
}